Name ,Description,Latitude ,Longitude,InfoURL,ImageURL
UCSB,A great university located along the California coast!,34.416929,-119.845991,"https://en.wikipedia.org/wiki/University_of_California,_Santa_Barbara",https://web.physics.ucsb.edu/~Women/images/ucsb-big.jpg 
Big Bear The Village ,Cute/peaceful place to visit and to walk around,34.240972,-116.911735,https://www.google.com/url?sa=i&url=https%3A%2F%2Fwww.bigbear.com%2Fthings-to-do%2Fthe-village%2F&psig=AOvVaw1b5cFbopw-sZFLLquVYMnf&ust=1669689572115000&source=images&cd=vfe&ved=0CA8QjRxqFwoTCPjQ2cDsz_sCFQAAAAAdAAAAABAU,https://www.bigbear.com/imager/s3_us-west-1_amazonaws_com/big-bear/images/fall-color/JnZOm650_de6e87fb6cf51aac24f471a488a0d1c5.jpeg
Mine Shaft Alpine Coaster,Fun little coaster around the snow,34.23893954,-116.9211421,https://rcdb.com/aagzdva,https://rcdb.com/aagzdva
Victoria Garden Mall ,"Pretty outside mall, to shop with friends/family",34.11146463,-117.532449,https://www.google.com/url?sa=i&url=https%3A%2F%2Ffoursquare.com%2Fv%2Fvictoria-gardens-mall%2F461fa3a3f964a5207f451fe3&psig=AOvVaw1yZUtocCtZDY-ts39nyL7j&ust=1669696910002000&source=images&cd=vfe&ved=0CA8QjRxqFwoTCKDNy-uH0PsCFQAAAAAdAAAAABAK,https://fastly.4sqi.net/img/general/600x600/1637357_PDpkRWRr7baPy_VZAFEa6P4-vqdMLEyVOZvizodGxgw.jpg
Porto's Bakery and Cafe,Delicious pastries and foods,34.23877164,-118.3316451,https://www.google.com/url?sa=i&url=https%3A%2F%2Fwww.theepochtimes.com%2Fportos-opening-up-in-northridge_4052801.html&psig=AOvVaw0VE_EnCJekSFMz8cyGag5y&ust=1669698566097000&source=images&cd=vfe&ved=0CA8QjRxqFwoTCKDFqYGO0PsCFQAAAAAdAAAAABAK,https://img.theepochtimes.com/assets/uploads/2018/11/06/Yellow-Cake-700x420.jpg
Starbucks,Cute little coffee shop to be able to have little talks with friends ,34.4135253,-119.8552988,https://www.google.com/url?sa=i&url=https%3A%2F%2Fkeyt.com%2Fhealth%2F2020%2F03%2F11%2Fmajor-impact-seen-at-uc-santa-barbara-and-isla-vista-after-coronavirus-changes%2F&psig=AOvVaw0OsKgfwf61MRJobmOAwnpn&ust=1669702019083000&source=images&cd=vfe&ved=0CA8QjRxqFwoTCJi53u-a0PsCFQAAAAAdAAAAABAO,https://keyt.b-cdn.net/2020/03/IMG_7247-2-860x645.jpg